<?xml version="1.0" encoding="UTF-8"?>
<?oxygen RNGSchema="http://docbook.org/xml/5.0/rng/docbookxi.rng" type="xml"?>
<?oxygen SCHSchema="http://docbook.org/xml/5.0/rng/docbookxi.rng"?>
<book xmlns="http://docbook.org/ns/docbook" xmlns:xi="http://www.w3.org/2001/XInclude" version="5.0">
    <info>
        <title>Learning Modern 3D Graphics Programming</title>
        <copyright>
            <year>2012</year>
            <holder>Jason L. McKesson</holder>
        </copyright>
        <author>
            <personname><firstname>Jason</firstname><othername
                role="middle">L.</othername><surname>McKesson</surname></personname>
        </author>
    </info>
    <xi:include href="preface.xml"/>
    <xi:include href="Building%20the%20Tutorials.xml"/>
    <xi:include href="Basics.xml"/>
    <xi:include href="Positioning.xml"/>
    <xi:include href="Illumination.xml"/>
    <xi:include href="Texturing.xml"/>
    <xi:include href="Framebuffer.xml"/>
    <xi:include href="Advanced%20Lighting.xml"/>
    <xi:include href="Optimization.xml"/>
    <xi:include href="Further%20Study.xml"/>
    <xi:include href="History%20of%20Graphics%20Hardware.xml"/>
    <xi:include href="Getting%20Started.xml"/>
</book>
